Designator,Package,Quantity,Designation,Supplier,ref
U2,Nordic_AQFN-73-1EP_7x7mm_P0.5mm,1,nRF52840-QIAA,,
Y2,Crystal_SMD_2016-4Pin_2.0x1.6mm,1,14.7456MHz,,
"R9, R8, R5",R_0402_1005Metric,3,10K,,
"C27, C26, C23, C22, C3, C2",C_0402_1005Metric,6,12pF,,
"C15, C25, C13, C6, C5",C_0603_1608Metric,5,4.7uF,,
Y1,Crystal_SMD_2016-4Pin_2.0x1.6mm,1,32MHz,,
X2,Crystal_SMD_3215-2Pin_3.2x1.5mm,1,32.768KHz,,
U3,Texas_X2SON-4_1x1mm_P0.65mm,1,TLV743P,,
U1,QFN-24-1EP_4x4mm_P0.5mm_EP2.6x2.6mm,1,SC16IS750,,
"R1, R6, R7",R_0402_1005Metric,3,1K,,
R4,R_0402_1005Metric,1,50,,
R3,R_0402_1005Metric,1,3M,,
R2,R_0402_1005Metric,1,2M,,
"Q1, Q2",ROHM_DFN0604-3,2,Q_NMOS_DGS,,
L4,L_0402_1005Metric,1,3.9nH,,
L3,L_0402_1005Metric,1,15nH,,
"L1, L2",L_0603_1608Metric,2,10uH,,
D2,D_01005_0402Metric,1,LED??,,
D1,LED_SK6812_EC15_1.5x1.5mm,1,LED_RGBC,,
C21,C_0402_1005Metric,1,47nF,,
"C18, C20",C_0402_1005Metric,2,1pF,,
"C14, C19",C_0603_1608Metric,2,1uF,,
C17,C_0402_1005Metric,1,100pF,,
"C12, C7, C16, C8",C_0402_1005Metric,4,100nF,,
C10,C_0402_1005Metric,1,820pF,,
C4,C_0402_1005Metric,1,22nF,,
C1,C_0402_1005Metric,1,10nF,,