<?xml version="1.0" encoding="UTF-8"?>
<export version="D">
  <design>
    <source>C:\Users\nick.bonnett-murphy\Documents\kicad\VCA\vca\vca.sch</source>
    <date>1/14/2019 3:17:48 PM</date>
    <tool>Eeschema (5.0.2)-1</tool>
    <sheet number="1" name="/" tstamps="/">
      <title_block>
        <title/>
        <company/>
        <rev/>
        <date/>
        <source>vca.sch</source>
        <comment number="1" value=""/>
        <comment number="2" value=""/>
        <comment number="3" value=""/>
        <comment number="4" value=""/>
      </title_block>
    </sheet>
  </design>
  <components>
    <comp ref="J1">
      <value>CVA1</value>
      <datasheet>~</datasheet>
      <libsource lib="Connector" part="AudioJack2_SwitchT" description="Audio Jack, 2 Poles (Mono / TS), Switched T Pole (Normalling)"/>
      <sheetpath names="/" tstamps="/"/>
      <tstamp>5C3CD77E</tstamp>
    </comp>
    <comp ref="J2">
      <value>CVA2</value>
      <datasheet>~</datasheet>
      <libsource lib="Connector" part="AudioJack2_SwitchT" description="Audio Jack, 2 Poles (Mono / TS), Switched T Pole (Normalling)"/>
      <sheetpath names="/" tstamps="/"/>
      <tstamp>5C3CD7FC</tstamp>
    </comp>
    <comp ref="R1">
      <value>100K</value>
      <datasheet>~</datasheet>
      <libsource lib="Device" part="R_Small_US" description="Resistor, small US symbol"/>
      <sheetpath names="/" tstamps="/"/>
      <tstamp>5C3CDB4B</tstamp>
    </comp>
    <comp ref="R4">
      <value>100K</value>
      <datasheet>~</datasheet>
      <libsource lib="Device" part="R_Small_US" description="Resistor, small US symbol"/>
      <sheetpath names="/" tstamps="/"/>
      <tstamp>5C3CDD14</tstamp>
    </comp>
    <comp ref="RV10">
      <value>100K</value>
      <datasheet>~</datasheet>
      <libsource lib="Device" part="R_POT_US" description="Potentiometer, US symbol"/>
      <sheetpath names="/" tstamps="/"/>
      <tstamp>5C3CE02A</tstamp>
    </comp>
    <comp ref="R11">
      <value>100K</value>
      <datasheet>~</datasheet>
      <libsource lib="Device" part="R_Small_US" description="Resistor, small US symbol"/>
      <sheetpath names="/" tstamps="/"/>
      <tstamp>5C3CE2C9</tstamp>
    </comp>
    <comp ref="R7">
      <value>2K</value>
      <datasheet>~</datasheet>
      <libsource lib="Device" part="R_Small_US" description="Resistor, small US symbol"/>
      <sheetpath names="/" tstamps="/"/>
      <tstamp>5C3CE66E</tstamp>
    </comp>
    <comp ref="U1">
      <value>TL084</value>
      <datasheet>http://www.ti.com/lit/ds/symlink/tl081.pdf</datasheet>
      <libsource lib="Amplifier_Operational" part="TL084" description="Quad JFET-Input Operational Amplifiers, DIP-14/SOIC-14/SSOP-14"/>
      <sheetpath names="/" tstamps="/"/>
      <tstamp>5C3CE87F</tstamp>
    </comp>
    <comp ref="R12">
      <value>100K</value>
      <datasheet>~</datasheet>
      <libsource lib="Device" part="R_Small_US" description="Resistor, small US symbol"/>
      <sheetpath names="/" tstamps="/"/>
      <tstamp>5C3CFB74</tstamp>
    </comp>
    <comp ref="R13">
      <value>2K</value>
      <datasheet>~</datasheet>
      <libsource lib="Device" part="R_Small_US" description="Resistor, small US symbol"/>
      <sheetpath names="/" tstamps="/"/>
      <tstamp>5C3CFC04</tstamp>
    </comp>
    <comp ref="Q1">
      <value>2N3904</value>
      <footprint>Package_TO_SOT_THT:TO-92_Inline</footprint>
      <datasheet>https://www.fairchildsemi.com/datasheets/2N/2N3904.pdf</datasheet>
      <libsource lib="Transistor_BJT" part="2N3904" description="0.2A Ic, 40V Vce, Small Signal NPN Transistor, TO-92"/>
      <sheetpath names="/" tstamps="/"/>
      <tstamp>5C3D12C5</tstamp>
    </comp>
    <comp ref="R14">
      <value>120K</value>
      <datasheet>~</datasheet>
      <libsource lib="Device" part="R_Small_US" description="Resistor, small US symbol"/>
      <sheetpath names="/" tstamps="/"/>
      <tstamp>5C3D1BFB</tstamp>
    </comp>
    <comp ref="Q2">
      <value>2N3906</value>
      <footprint>Package_TO_SOT_THT:TO-92_Inline</footprint>
      <datasheet>https://www.fairchildsemi.com/datasheets/2N/2N3906.pdf</datasheet>
      <libsource lib="Transistor_BJT" part="2N3906" description="-0.2A Ic, -40V Vce, Small Signal PNP Transistor, TO-92"/>
      <sheetpath names="/" tstamps="/"/>
      <tstamp>5C3D2F86</tstamp>
    </comp>
    <comp ref="R15">
      <value>20K</value>
      <datasheet>~</datasheet>
      <libsource lib="Device" part="R_Small_US" description="Resistor, small US symbol"/>
      <sheetpath names="/" tstamps="/"/>
      <tstamp>5C3D313A</tstamp>
    </comp>
    <comp ref="SW1">
      <value>LOG/LIN</value>
      <libsource lib="Switch" part="SW_SPDT" description="Switch, single pole double throw"/>
      <sheetpath names="/" tstamps="/"/>
      <tstamp>5C3D55C8</tstamp>
    </comp>
    <comp ref="R8">
      <value>20K</value>
      <datasheet>~</datasheet>
      <libsource lib="Device" part="R_Small_US" description="Resistor, small US symbol"/>
      <sheetpath names="/" tstamps="/"/>
      <tstamp>5C3D6B74</tstamp>
    </comp>
    <comp ref="R9">
      <value>30K</value>
      <datasheet>~</datasheet>
      <libsource lib="Device" part="R_Small_US" description="Resistor, small US symbol"/>
      <sheetpath names="/" tstamps="/"/>
      <tstamp>5C3D6C98</tstamp>
    </comp>
    <comp ref="R3">
      <value>2K</value>
      <datasheet>~</datasheet>
      <libsource lib="Device" part="R_Small_US" description="Resistor, small US symbol"/>
      <sheetpath names="/" tstamps="/"/>
      <tstamp>5C3D8508</tstamp>
    </comp>
    <comp ref="R2">
      <value>100K</value>
      <datasheet>~</datasheet>
      <libsource lib="Device" part="R_Small_US" description="Resistor, small US symbol"/>
      <sheetpath names="/" tstamps="/"/>
      <tstamp>5C3D9368</tstamp>
    </comp>
    <comp ref="R5">
      <value>100K</value>
      <datasheet>~</datasheet>
      <libsource lib="Device" part="R_Small_US" description="Resistor, small US symbol"/>
      <sheetpath names="/" tstamps="/"/>
      <tstamp>5C3DAA7F</tstamp>
    </comp>
    <comp ref="R6">
      <value>470</value>
      <datasheet>~</datasheet>
      <libsource lib="Device" part="R_Small_US" description="Resistor, small US symbol"/>
      <sheetpath names="/" tstamps="/"/>
      <tstamp>5C3DB3A7</tstamp>
    </comp>
    <comp ref="U2">
      <value>LM13700</value>
      <datasheet>http://www.ti.com/lit/ds/symlink/lm13700.pdf</datasheet>
      <libsource lib="Amplifier_Operational" part="LM13700" description="Dual Operational Transconductance Amplifiers with Linearizing Diodes and Buffers, DIP-16/SOIC-16"/>
      <sheetpath names="/" tstamps="/"/>
      <tstamp>5C3DF6DA</tstamp>
    </comp>
    <comp ref="R16">
      <value>4.7K</value>
      <datasheet>~</datasheet>
      <libsource lib="Device" part="R_Small_US" description="Resistor, small US symbol"/>
      <sheetpath names="/" tstamps="/"/>
      <tstamp>5C3EC9BA</tstamp>
    </comp>
    <comp ref="R17">
      <value>1K</value>
      <datasheet>~</datasheet>
      <libsource lib="Device" part="R_Small_US" description="Resistor, small US symbol"/>
      <sheetpath names="/" tstamps="/"/>
      <tstamp>5C3EFB71</tstamp>
    </comp>
    <comp ref="J3">
      <value>OUTA</value>
      <datasheet>~</datasheet>
      <libsource lib="Connector" part="AudioJack2_SwitchT" description="Audio Jack, 2 Poles (Mono / TS), Switched T Pole (Normalling)"/>
      <sheetpath names="/" tstamps="/"/>
      <tstamp>5C3F163F</tstamp>
    </comp>
    <comp ref="RV18">
      <value>2K</value>
      <datasheet>~</datasheet>
      <libsource lib="Device" part="R_POT_TRIM_US" description="Trim-potentiometer, US symbol"/>
      <sheetpath names="/" tstamps="/"/>
      <tstamp>5C3F38EC</tstamp>
    </comp>
    <comp ref="R20">
      <value>150</value>
      <datasheet>~</datasheet>
      <libsource lib="Device" part="R_Small_US" description="Resistor, small US symbol"/>
      <sheetpath names="/" tstamps="/"/>
      <tstamp>5C3F4AE4</tstamp>
    </comp>
    <comp ref="R19">
      <value>100K</value>
      <datasheet>~</datasheet>
      <libsource lib="Device" part="R_Small_US" description="Resistor, small US symbol"/>
      <sheetpath names="/" tstamps="/"/>
      <tstamp>5C400FEE</tstamp>
    </comp>
    <comp ref="J4">
      <value>INA</value>
      <datasheet>~</datasheet>
      <libsource lib="Connector" part="AudioJack2_SwitchT" description="Audio Jack, 2 Poles (Mono / TS), Switched T Pole (Normalling)"/>
      <sheetpath names="/" tstamps="/"/>
      <tstamp>5C402A9D</tstamp>
    </comp>
    <comp ref="R21">
      <value>470K</value>
      <datasheet>~</datasheet>
      <libsource lib="Device" part="R_Small_US" description="Resistor, small US symbol"/>
      <sheetpath names="/" tstamps="/"/>
      <tstamp>5C408C61</tstamp>
    </comp>
    <comp ref="R22">
      <value>47K</value>
      <datasheet>~</datasheet>
      <libsource lib="Device" part="R_Small_US" description="Resistor, small US symbol"/>
      <sheetpath names="/" tstamps="/"/>
      <tstamp>5C408CD3</tstamp>
    </comp>
    <comp ref="RV45">
      <value>100K</value>
      <datasheet>~</datasheet>
      <libsource lib="Device" part="R_POT_TRIM_US" description="Trim-potentiometer, US symbol"/>
      <sheetpath names="/" tstamps="/"/>
      <tstamp>5C40F87C</tstamp>
    </comp>
    <comp ref="R46">
      <value>2M</value>
      <datasheet>~</datasheet>
      <libsource lib="Device" part="R_Small_US" description="Resistor, small US symbol"/>
      <sheetpath names="/" tstamps="/"/>
      <tstamp>5C40FA0D</tstamp>
    </comp>
    <comp ref="C6">
      <value>0.1uF</value>
      <datasheet>~</datasheet>
      <libsource lib="Device" part="CP1_Small" description="Polarized capacitor, small US symbol"/>
      <sheetpath names="/" tstamps="/"/>
      <tstamp>5C418B67</tstamp>
    </comp>
    <comp ref="C3">
      <value>0.1uF</value>
      <datasheet>~</datasheet>
      <libsource lib="Device" part="CP1_Small" description="Polarized capacitor, small US symbol"/>
      <sheetpath names="/" tstamps="/"/>
      <tstamp>5C41B583</tstamp>
    </comp>
    <comp ref="C5">
      <value>0.1uF</value>
      <datasheet>~</datasheet>
      <libsource lib="Device" part="CP1_Small" description="Polarized capacitor, small US symbol"/>
      <sheetpath names="/" tstamps="/"/>
      <tstamp>5C422319</tstamp>
    </comp>
    <comp ref="C2">
      <value>0.1uF</value>
      <datasheet>~</datasheet>
      <libsource lib="Device" part="CP1_Small" description="Polarized capacitor, small US symbol"/>
      <sheetpath names="/" tstamps="/"/>
      <tstamp>5C42238D</tstamp>
    </comp>
    <comp ref="C1">
      <value>10uF</value>
      <datasheet>~</datasheet>
      <libsource lib="Device" part="CP1_Small" description="Polarized capacitor, small US symbol"/>
      <sheetpath names="/" tstamps="/"/>
      <tstamp>5C4223FD</tstamp>
    </comp>
    <comp ref="C4">
      <value>10uF</value>
      <datasheet>~</datasheet>
      <libsource lib="Device" part="CP1_Small" description="Polarized capacitor, small US symbol"/>
      <sheetpath names="/" tstamps="/"/>
      <tstamp>5C42246F</tstamp>
    </comp>
    <comp ref="J5">
      <value>CVB1</value>
      <datasheet>~</datasheet>
      <libsource lib="Connector" part="AudioJack2_SwitchT" description="Audio Jack, 2 Poles (Mono / TS), Switched T Pole (Normalling)"/>
      <sheetpath names="/" tstamps="/"/>
      <tstamp>5C43E9D1</tstamp>
    </comp>
    <comp ref="J6">
      <value>CVB2</value>
      <datasheet>~</datasheet>
      <libsource lib="Connector" part="AudioJack2_SwitchT" description="Audio Jack, 2 Poles (Mono / TS), Switched T Pole (Normalling)"/>
      <sheetpath names="/" tstamps="/"/>
      <tstamp>5C43E9D7</tstamp>
    </comp>
    <comp ref="R23">
      <value>100K</value>
      <datasheet>~</datasheet>
      <libsource lib="Device" part="R_Small_US" description="Resistor, small US symbol"/>
      <sheetpath names="/" tstamps="/"/>
      <tstamp>5C43E9DD</tstamp>
    </comp>
    <comp ref="R26">
      <value>100K</value>
      <datasheet>~</datasheet>
      <libsource lib="Device" part="R_Small_US" description="Resistor, small US symbol"/>
      <sheetpath names="/" tstamps="/"/>
      <tstamp>5C43E9E8</tstamp>
    </comp>
    <comp ref="RV32">
      <value>100K</value>
      <datasheet>~</datasheet>
      <libsource lib="Device" part="R_POT_US" description="Potentiometer, US symbol"/>
      <sheetpath names="/" tstamps="/"/>
      <tstamp>5C43E9F2</tstamp>
    </comp>
    <comp ref="R33">
      <value>100K</value>
      <datasheet>~</datasheet>
      <libsource lib="Device" part="R_Small_US" description="Resistor, small US symbol"/>
      <sheetpath names="/" tstamps="/"/>
      <tstamp>5C43E9FE</tstamp>
    </comp>
    <comp ref="R29">
      <value>2K</value>
      <datasheet>~</datasheet>
      <libsource lib="Device" part="R_Small_US" description="Resistor, small US symbol"/>
      <sheetpath names="/" tstamps="/"/>
      <tstamp>5C43EA08</tstamp>
    </comp>
    <comp ref="R36">
      <value>100K</value>
      <datasheet>~</datasheet>
      <libsource lib="Device" part="R_Small_US" description="Resistor, small US symbol"/>
      <sheetpath names="/" tstamps="/"/>
      <tstamp>5C43EA1F</tstamp>
    </comp>
    <comp ref="R37">
      <value>2K</value>
      <datasheet>~</datasheet>
      <libsource lib="Device" part="R_Small_US" description="Resistor, small US symbol"/>
      <sheetpath names="/" tstamps="/"/>
      <tstamp>5C43EA25</tstamp>
    </comp>
    <comp ref="Q3">
      <value>2N3904</value>
      <footprint>Package_TO_SOT_THT:TO-92_Inline</footprint>
      <datasheet>https://www.fairchildsemi.com/datasheets/2N/2N3904.pdf</datasheet>
      <libsource lib="Transistor_BJT" part="2N3904" description="0.2A Ic, 40V Vce, Small Signal NPN Transistor, TO-92"/>
      <sheetpath names="/" tstamps="/"/>
      <tstamp>5C43EA36</tstamp>
    </comp>
    <comp ref="R34">
      <value>120K</value>
      <datasheet>~</datasheet>
      <libsource lib="Device" part="R_Small_US" description="Resistor, small US symbol"/>
      <sheetpath names="/" tstamps="/"/>
      <tstamp>5C43EA3F</tstamp>
    </comp>
    <comp ref="Q4">
      <value>2N3906</value>
      <footprint>Package_TO_SOT_THT:TO-92_Inline</footprint>
      <datasheet>https://www.fairchildsemi.com/datasheets/2N/2N3906.pdf</datasheet>
      <libsource lib="Transistor_BJT" part="2N3906" description="-0.2A Ic, -40V Vce, Small Signal PNP Transistor, TO-92"/>
      <sheetpath names="/" tstamps="/"/>
      <tstamp>5C43EA4D</tstamp>
    </comp>
    <comp ref="R35">
      <value>20K</value>
      <datasheet>~</datasheet>
      <libsource lib="Device" part="R_Small_US" description="Resistor, small US symbol"/>
      <sheetpath names="/" tstamps="/"/>
      <tstamp>5C43EA53</tstamp>
    </comp>
    <comp ref="SW2">
      <value>LOG/LIN</value>
      <libsource lib="Switch" part="SW_SPDT" description="Switch, single pole double throw"/>
      <sheetpath names="/" tstamps="/"/>
      <tstamp>5C43EA5A</tstamp>
    </comp>
    <comp ref="R30">
      <value>20K</value>
      <datasheet>~</datasheet>
      <libsource lib="Device" part="R_Small_US" description="Resistor, small US symbol"/>
      <sheetpath names="/" tstamps="/"/>
      <tstamp>5C43EA61</tstamp>
    </comp>
    <comp ref="R31">
      <value>30K</value>
      <datasheet>~</datasheet>
      <libsource lib="Device" part="R_Small_US" description="Resistor, small US symbol"/>
      <sheetpath names="/" tstamps="/"/>
      <tstamp>5C43EA67</tstamp>
    </comp>
    <comp ref="R25">
      <value>2K</value>
      <datasheet>~</datasheet>
      <libsource lib="Device" part="R_Small_US" description="Resistor, small US symbol"/>
      <sheetpath names="/" tstamps="/"/>
      <tstamp>5C43EA75</tstamp>
    </comp>
    <comp ref="R24">
      <value>100K</value>
      <datasheet>~</datasheet>
      <libsource lib="Device" part="R_Small_US" description="Resistor, small US symbol"/>
      <sheetpath names="/" tstamps="/"/>
      <tstamp>5C43EA7E</tstamp>
    </comp>
    <comp ref="R27">
      <value>100K</value>
      <datasheet>~</datasheet>
      <libsource lib="Device" part="R_Small_US" description="Resistor, small US symbol"/>
      <sheetpath names="/" tstamps="/"/>
      <tstamp>5C43EA8C</tstamp>
    </comp>
    <comp ref="R28">
      <value>470</value>
      <datasheet>~</datasheet>
      <libsource lib="Device" part="R_Small_US" description="Resistor, small US symbol"/>
      <sheetpath names="/" tstamps="/"/>
      <tstamp>5C43EA92</tstamp>
    </comp>
    <comp ref="R38">
      <value>4.7K</value>
      <datasheet>~</datasheet>
      <libsource lib="Device" part="R_Small_US" description="Resistor, small US symbol"/>
      <sheetpath names="/" tstamps="/"/>
      <tstamp>5C43EAAF</tstamp>
    </comp>
    <comp ref="R39">
      <value>1K</value>
      <datasheet>~</datasheet>
      <libsource lib="Device" part="R_Small_US" description="Resistor, small US symbol"/>
      <sheetpath names="/" tstamps="/"/>
      <tstamp>5C43EAB7</tstamp>
    </comp>
    <comp ref="J7">
      <value>OUTB</value>
      <datasheet>~</datasheet>
      <libsource lib="Connector" part="AudioJack2_SwitchT" description="Audio Jack, 2 Poles (Mono / TS), Switched T Pole (Normalling)"/>
      <sheetpath names="/" tstamps="/"/>
      <tstamp>5C43EAC1</tstamp>
    </comp>
    <comp ref="RV41">
      <value>2K</value>
      <datasheet>~</datasheet>
      <libsource lib="Device" part="R_POT_TRIM_US" description="Trim-potentiometer, US symbol"/>
      <sheetpath names="/" tstamps="/"/>
      <tstamp>5C43EACA</tstamp>
    </comp>
    <comp ref="R42">
      <value>150</value>
      <datasheet>~</datasheet>
      <libsource lib="Device" part="R_Small_US" description="Resistor, small US symbol"/>
      <sheetpath names="/" tstamps="/"/>
      <tstamp>5C43EAD2</tstamp>
    </comp>
    <comp ref="R40">
      <value>100K</value>
      <datasheet>~</datasheet>
      <libsource lib="Device" part="R_Small_US" description="Resistor, small US symbol"/>
      <sheetpath names="/" tstamps="/"/>
      <tstamp>5C43EAE2</tstamp>
    </comp>
    <comp ref="J8">
      <value>INB</value>
      <datasheet>~</datasheet>
      <libsource lib="Connector" part="AudioJack2_SwitchT" description="Audio Jack, 2 Poles (Mono / TS), Switched T Pole (Normalling)"/>
      <sheetpath names="/" tstamps="/"/>
      <tstamp>5C43EAEC</tstamp>
    </comp>
    <comp ref="R43">
      <value>470K</value>
      <datasheet>~</datasheet>
      <libsource lib="Device" part="R_Small_US" description="Resistor, small US symbol"/>
      <sheetpath names="/" tstamps="/"/>
      <tstamp>5C43EAF5</tstamp>
    </comp>
    <comp ref="R44">
      <value>47K</value>
      <datasheet>~</datasheet>
      <libsource lib="Device" part="R_Small_US" description="Resistor, small US symbol"/>
      <sheetpath names="/" tstamps="/"/>
      <tstamp>5C43EAFB</tstamp>
    </comp>
    <comp ref="RV47">
      <value>100K</value>
      <datasheet>~</datasheet>
      <libsource lib="Device" part="R_POT_TRIM_US" description="Trim-potentiometer, US symbol"/>
      <sheetpath names="/" tstamps="/"/>
      <tstamp>5C43EB0A</tstamp>
    </comp>
    <comp ref="R48">
      <value>2M</value>
      <datasheet>~</datasheet>
      <libsource lib="Device" part="R_Small_US" description="Resistor, small US symbol"/>
      <sheetpath names="/" tstamps="/"/>
      <tstamp>5C43EB10</tstamp>
    </comp>
  </components>
  <libparts>
    <libpart lib="Amplifier_Operational" part="LM13700">
      <aliases>
        <alias>LM13600</alias>
      </aliases>
      <description>Dual Operational Transconductance Amplifiers with Linearizing Diodes and Buffers, DIP-16/SOIC-16</description>
      <docs>http://www.ti.com/lit/ds/symlink/lm13700.pdf</docs>
      <footprints>
        <fp>SOIC*3.9x9.9mm*P1.27mm*</fp>
        <fp>DIP*W7.62mm*</fp>
      </footprints>
      <fields>
        <field name="Reference">U</field>
        <field name="Value">LM13700</field>
      </fields>
      <pins>
        <pin num="1" name="~" type="input"/>
        <pin num="2" name="DIODE_BIAS" type="input"/>
        <pin num="3" name="+" type="input"/>
        <pin num="4" name="-" type="input"/>
        <pin num="5" name="~" type="output"/>
        <pin num="6" name="V-" type="power_in"/>
        <pin num="7" name="~" type="input"/>
        <pin num="8" name="~" type="output"/>
        <pin num="9" name="~" type="output"/>
        <pin num="10" name="~" type="input"/>
        <pin num="11" name="V+" type="power_in"/>
        <pin num="12" name="~" type="output"/>
        <pin num="13" name="-" type="input"/>
        <pin num="14" name="+" type="input"/>
        <pin num="15" name="DIODE_BIAS" type="input"/>
        <pin num="16" name="~" type="input"/>
      </pins>
    </libpart>
    <libpart lib="Amplifier_Operational" part="LM2902">
      <aliases>
        <alias>LM324</alias>
        <alias>TLC274</alias>
        <alias>TLC279</alias>
        <alias>TL074</alias>
        <alias>LM324A</alias>
        <alias>MCP6004</alias>
        <alias>TL084</alias>
        <alias>TL064</alias>
        <alias>LMV324</alias>
        <alias>LMC6484</alias>
        <alias>MCP604</alias>
        <alias>MC33079</alias>
        <alias>MC33174</alias>
        <alias>MC33179</alias>
        <alias>OPA1604</alias>
        <alias>OPA4134</alias>
        <alias>OPA4340UA</alias>
        <alias>OPA4376</alias>
        <alias>MCP6L94</alias>
        <alias>TSV914</alias>
        <alias>ADA4807-4</alias>
      </aliases>
      <description>Low-Power, Quad-Operational Amplifiers, DIP-14/SOIC-14/SSOP-14</description>
      <docs>http://www.ti.com/lit/ds/symlink/lm2902-n.pdf</docs>
      <footprints>
        <fp>SOIC*3.9x8.7mm*P1.27mm*</fp>
        <fp>DIP*W7.62mm*</fp>
        <fp>TSSOP*4.4x5mm*P0.65mm*</fp>
        <fp>SSOP*5.3x6.2mm*P0.65mm*</fp>
        <fp>MSOP*3x3mm*P0.5mm*</fp>
      </footprints>
      <fields>
        <field name="Reference">U</field>
        <field name="Value">LM2902</field>
      </fields>
      <pins>
        <pin num="1" name="~" type="output"/>
        <pin num="2" name="-" type="input"/>
        <pin num="3" name="+" type="input"/>
        <pin num="4" name="V+" type="power_in"/>
        <pin num="5" name="+" type="input"/>
        <pin num="6" name="-" type="input"/>
        <pin num="7" name="~" type="output"/>
        <pin num="8" name="~" type="output"/>
        <pin num="9" name="-" type="input"/>
        <pin num="10" name="+" type="input"/>
        <pin num="11" name="V-" type="power_in"/>
        <pin num="12" name="+" type="input"/>
        <pin num="13" name="-" type="input"/>
        <pin num="14" name="~" type="output"/>
      </pins>
    </libpart>
    <libpart lib="Connector" part="AudioJack2_SwitchT">
      <description>Audio Jack, 2 Poles (Mono / TS), Switched T Pole (Normalling)</description>
      <docs>~</docs>
      <footprints>
        <fp>Jack*</fp>
      </footprints>
      <fields>
        <field name="Reference">J</field>
        <field name="Value">AudioJack2_SwitchT</field>
      </fields>
      <pins>
        <pin num="S" name="~" type="passive"/>
        <pin num="T" name="~" type="passive"/>
        <pin num="TN" name="~" type="passive"/>
      </pins>
    </libpart>
    <libpart lib="Device" part="CP1_Small">
      <description>Polarized capacitor, small US symbol</description>
      <docs>~</docs>
      <footprints>
        <fp>CP_*</fp>
      </footprints>
      <fields>
        <field name="Reference">C</field>
        <field name="Value">CP1_Small</field>
      </fields>
      <pins>
        <pin num="1" name="~" type="passive"/>
        <pin num="2" name="~" type="passive"/>
      </pins>
    </libpart>
    <libpart lib="Device" part="R_POT_TRIM_US">
      <description>Trim-potentiometer, US symbol</description>
      <docs>~</docs>
      <footprints>
        <fp>Potentiometer*</fp>
      </footprints>
      <fields>
        <field name="Reference">RV</field>
        <field name="Value">R_POT_TRIM_US</field>
      </fields>
      <pins>
        <pin num="1" name="1" type="passive"/>
        <pin num="2" name="2" type="passive"/>
        <pin num="3" name="3" type="passive"/>
      </pins>
    </libpart>
    <libpart lib="Device" part="R_POT_US">
      <description>Potentiometer, US symbol</description>
      <docs>~</docs>
      <footprints>
        <fp>Potentiometer*</fp>
      </footprints>
      <fields>
        <field name="Reference">RV</field>
        <field name="Value">R_POT_US</field>
      </fields>
      <pins>
        <pin num="1" name="1" type="passive"/>
        <pin num="2" name="2" type="passive"/>
        <pin num="3" name="3" type="passive"/>
      </pins>
    </libpart>
    <libpart lib="Device" part="R_Small_US">
      <description>Resistor, small US symbol</description>
      <docs>~</docs>
      <footprints>
        <fp>R_*</fp>
      </footprints>
      <fields>
        <field name="Reference">R</field>
        <field name="Value">R_Small_US</field>
      </fields>
      <pins>
        <pin num="1" name="~" type="passive"/>
        <pin num="2" name="~" type="passive"/>
      </pins>
    </libpart>
    <libpart lib="Switch" part="SW_SPDT">
      <description>Switch, single pole double throw</description>
      <fields>
        <field name="Reference">SW</field>
        <field name="Value">SW_SPDT</field>
      </fields>
      <pins>
        <pin num="1" name="A" type="passive"/>
        <pin num="2" name="B" type="passive"/>
        <pin num="3" name="C" type="passive"/>
      </pins>
    </libpart>
    <libpart lib="Transistor_BJT" part="2N3904">
      <description>0.2A Ic, 40V Vce, Small Signal NPN Transistor, TO-92</description>
      <docs>https://www.fairchildsemi.com/datasheets/2N/2N3904.pdf</docs>
      <footprints>
        <fp>TO?92*</fp>
      </footprints>
      <fields>
        <field name="Reference">Q</field>
        <field name="Value">2N3904</field>
        <field name="Footprint">Package_TO_SOT_THT:TO-92_Inline</field>
      </fields>
      <pins>
        <pin num="1" name="E" type="passive"/>
        <pin num="2" name="B" type="passive"/>
        <pin num="3" name="C" type="passive"/>
      </pins>
    </libpart>
    <libpart lib="Transistor_BJT" part="2N3906">
      <aliases>
        <alias>2N3905</alias>
      </aliases>
      <description>-0.2A Ic, -40V Vce, Small Signal PNP Transistor, TO-92</description>
      <docs>https://www.fairchildsemi.com/datasheets/2N/2N3906.pdf</docs>
      <footprints>
        <fp>TO?92*</fp>
      </footprints>
      <fields>
        <field name="Reference">Q</field>
        <field name="Value">2N3906</field>
        <field name="Footprint">Package_TO_SOT_THT:TO-92_Inline</field>
      </fields>
      <pins>
        <pin num="1" name="E" type="passive"/>
        <pin num="2" name="B" type="input"/>
        <pin num="3" name="C" type="passive"/>
      </pins>
    </libpart>
  </libparts>
  <libraries>
    <library logical="Amplifier_Operational">
      <uri>C:\Program Files (x86)\KiCad\share\kicad\library/Amplifier_Operational.lib</uri>
    </library>
    <library logical="Connector">
      <uri>C:\Program Files (x86)\KiCad\share\kicad\library/Connector.lib</uri>
    </library>
    <library logical="Device">
      <uri>C:\Program Files (x86)\KiCad\share\kicad\library/Device.lib</uri>
    </library>
    <library logical="Switch">
      <uri>C:\Program Files (x86)\KiCad\share\kicad\library/Switch.lib</uri>
    </library>
    <library logical="Transistor_BJT">
      <uri>C:\Program Files (x86)\KiCad\share\kicad\library/Transistor_BJT.lib</uri>
    </library>
  </libraries>
  <nets>
    <net code="1" name="Net-(R36-Pad1)">
      <node ref="R37" pin="2"/>
      <node ref="R36" pin="1"/>
      <node ref="U1" pin="5"/>
    </net>
    <net code="2" name="GND">
      <node ref="Q2" pin="1"/>
      <node ref="C5" pin="1"/>
      <node ref="C3" pin="2"/>
      <node ref="C2" pin="2"/>
      <node ref="C1" pin="2"/>
      <node ref="C6" pin="1"/>
      <node ref="J5" pin="S"/>
      <node ref="C4" pin="1"/>
      <node ref="R44" pin="1"/>
      <node ref="J6" pin="S"/>
      <node ref="J8" pin="S"/>
      <node ref="J7" pin="S"/>
      <node ref="R28" pin="1"/>
      <node ref="R42" pin="1"/>
      <node ref="R20" pin="1"/>
      <node ref="R22" pin="1"/>
      <node ref="U2" pin="4"/>
      <node ref="U2" pin="13"/>
      <node ref="R13" pin="1"/>
      <node ref="R6" pin="1"/>
      <node ref="R37" pin="1"/>
      <node ref="J3" pin="S"/>
      <node ref="J1" pin="S"/>
      <node ref="J2" pin="S"/>
      <node ref="Q4" pin="1"/>
      <node ref="J4" pin="S"/>
    </net>
    <net code="3" name="+12V">
      <node ref="R5" pin="2"/>
      <node ref="RV10" pin="1"/>
      <node ref="Q3" pin="3"/>
      <node ref="U1" pin="4"/>
      <node ref="R12" pin="2"/>
      <node ref="R43" pin="2"/>
      <node ref="U2" pin="11"/>
      <node ref="Q1" pin="3"/>
      <node ref="R21" pin="2"/>
      <node ref="RV45" pin="1"/>
      <node ref="R27" pin="2"/>
      <node ref="RV47" pin="1"/>
      <node ref="C2" pin="1"/>
      <node ref="C1" pin="1"/>
      <node ref="R36" pin="2"/>
      <node ref="RV32" pin="1"/>
      <node ref="C3" pin="1"/>
    </net>
    <net code="4" name="Net-(R23-Pad1)">
      <node ref="R33" pin="1"/>
      <node ref="U1" pin="6"/>
      <node ref="R29" pin="2"/>
      <node ref="R23" pin="1"/>
      <node ref="R26" pin="1"/>
    </net>
    <net code="5" name="-12V">
      <node ref="U2" pin="6"/>
      <node ref="C4" pin="2"/>
      <node ref="R8" pin="2"/>
      <node ref="R14" pin="1"/>
      <node ref="RV10" pin="3"/>
      <node ref="U1" pin="11"/>
      <node ref="R16" pin="2"/>
      <node ref="C6" pin="2"/>
      <node ref="R34" pin="1"/>
      <node ref="C5" pin="2"/>
      <node ref="R38" pin="2"/>
      <node ref="R30" pin="2"/>
      <node ref="RV45" pin="3"/>
      <node ref="RV32" pin="3"/>
      <node ref="RV47" pin="3"/>
    </net>
    <net code="6" name="Net-(R24-Pad1)">
      <node ref="U1" pin="1"/>
      <node ref="R31" pin="1"/>
      <node ref="R24" pin="1"/>
    </net>
    <net code="7" name="Net-(R30-Pad1)">
      <node ref="R30" pin="1"/>
      <node ref="SW2" pin="3"/>
      <node ref="R31" pin="2"/>
    </net>
    <net code="8" name="Net-(R35-Pad1)">
      <node ref="R35" pin="1"/>
      <node ref="SW2" pin="1"/>
    </net>
    <net code="9" name="Net-(SW2-Pad2)">
      <node ref="SW2" pin="2"/>
      <node ref="U2" pin="16"/>
    </net>
    <net code="10" name="Net-(Q4-Pad3)">
      <node ref="R35" pin="2"/>
      <node ref="Q4" pin="3"/>
    </net>
    <net code="11" name="Net-(R33-Pad2)">
      <node ref="R33" pin="2"/>
      <node ref="RV32" pin="2"/>
    </net>
    <net code="12" name="Net-(Q3-Pad1)">
      <node ref="Q3" pin="1"/>
      <node ref="Q4" pin="2"/>
      <node ref="R34" pin="2"/>
    </net>
    <net code="13" name="Net-(J5-PadT)">
      <node ref="J5" pin="T"/>
      <node ref="R23" pin="2"/>
    </net>
    <net code="14" name="Net-(J6-PadT)">
      <node ref="J6" pin="T"/>
      <node ref="R26" pin="2"/>
    </net>
    <net code="15" name="Net-(J6-PadTN)">
      <node ref="J6" pin="TN"/>
    </net>
    <net code="16" name="Net-(J5-PadTN)">
      <node ref="J5" pin="TN"/>
    </net>
    <net code="17" name="Net-(J8-PadT)">
      <node ref="R40" pin="2"/>
      <node ref="J8" pin="T"/>
    </net>
    <net code="18" name="Net-(J8-PadTN)">
      <node ref="J8" pin="TN"/>
    </net>
    <net code="19" name="Net-(R42-Pad2)">
      <node ref="R42" pin="2"/>
      <node ref="RV41" pin="3"/>
    </net>
    <net code="20" name="Net-(R48-Pad2)">
      <node ref="RV47" pin="2"/>
      <node ref="R48" pin="2"/>
    </net>
    <net code="21" name="Net-(R43-Pad1)">
      <node ref="U2" pin="10"/>
      <node ref="R44" pin="2"/>
      <node ref="U2" pin="12"/>
      <node ref="R48" pin="1"/>
      <node ref="R43" pin="1"/>
    </net>
    <net code="22" name="Net-(R24-Pad2)">
      <node ref="R24" pin="2"/>
      <node ref="R25" pin="1"/>
      <node ref="U1" pin="2"/>
    </net>
    <net code="23" name="Net-(R27-Pad1)">
      <node ref="U1" pin="3"/>
      <node ref="R28" pin="2"/>
      <node ref="R27" pin="1"/>
    </net>
    <net code="24" name="Net-(Q3-Pad2)">
      <node ref="R29" pin="1"/>
      <node ref="R25" pin="2"/>
      <node ref="Q3" pin="2"/>
      <node ref="U1" pin="7"/>
    </net>
    <net code="25" name="Net-(R38-Pad1)">
      <node ref="U2" pin="9"/>
      <node ref="R39" pin="2"/>
      <node ref="R38" pin="1"/>
    </net>
    <net code="26" name="Net-(R40-Pad1)">
      <node ref="R40" pin="1"/>
      <node ref="U2" pin="14"/>
      <node ref="RV41" pin="1"/>
      <node ref="RV41" pin="2"/>
    </net>
    <net code="27" name="Net-(J7-PadT)">
      <node ref="R39" pin="1"/>
      <node ref="J7" pin="T"/>
    </net>
    <net code="28" name="Net-(J7-PadTN)">
      <node ref="J7" pin="TN"/>
    </net>
    <net code="29" name="Net-(Q2-Pad3)">
      <node ref="Q2" pin="3"/>
      <node ref="R15" pin="2"/>
    </net>
    <net code="30" name="Net-(Q1-Pad1)">
      <node ref="Q1" pin="1"/>
      <node ref="R14" pin="2"/>
      <node ref="Q2" pin="2"/>
    </net>
    <net code="31" name="Net-(R15-Pad1)">
      <node ref="SW1" pin="1"/>
      <node ref="R15" pin="1"/>
    </net>
    <net code="32" name="Net-(R12-Pad1)">
      <node ref="U1" pin="10"/>
      <node ref="R12" pin="1"/>
      <node ref="R13" pin="2"/>
    </net>
    <net code="33" name="Net-(R2-Pad2)">
      <node ref="U1" pin="13"/>
      <node ref="R2" pin="2"/>
      <node ref="R3" pin="1"/>
    </net>
    <net code="34" name="Net-(Q1-Pad2)">
      <node ref="R3" pin="2"/>
      <node ref="Q1" pin="2"/>
      <node ref="U1" pin="8"/>
      <node ref="R7" pin="1"/>
    </net>
    <net code="35" name="Net-(R8-Pad1)">
      <node ref="SW1" pin="3"/>
      <node ref="R8" pin="1"/>
      <node ref="R9" pin="2"/>
    </net>
    <net code="36" name="Net-(R2-Pad1)">
      <node ref="R2" pin="1"/>
      <node ref="U1" pin="14"/>
      <node ref="R9" pin="1"/>
    </net>
    <net code="37" name="Net-(J2-PadT)">
      <node ref="R4" pin="2"/>
      <node ref="J2" pin="T"/>
    </net>
    <net code="38" name="Net-(R11-Pad2)">
      <node ref="RV10" pin="2"/>
      <node ref="R11" pin="2"/>
    </net>
    <net code="39" name="Net-(J1-PadT)">
      <node ref="R1" pin="2"/>
      <node ref="J1" pin="T"/>
    </net>
    <net code="40" name="Net-(J2-PadTN)">
      <node ref="J2" pin="TN"/>
    </net>
    <net code="41" name="Net-(J1-PadTN)">
      <node ref="J1" pin="TN"/>
    </net>
    <net code="42" name="Net-(R1-Pad1)">
      <node ref="R11" pin="1"/>
      <node ref="R1" pin="1"/>
      <node ref="U1" pin="9"/>
      <node ref="R4" pin="1"/>
      <node ref="R7" pin="2"/>
    </net>
    <net code="43" name="Net-(J4-PadT)">
      <node ref="R19" pin="2"/>
      <node ref="J4" pin="T"/>
    </net>
    <net code="44" name="Net-(J4-PadTN)">
      <node ref="J4" pin="TN"/>
    </net>
    <net code="45" name="Net-(R20-Pad2)">
      <node ref="R20" pin="2"/>
      <node ref="RV18" pin="3"/>
    </net>
    <net code="46" name="Net-(R19-Pad1)">
      <node ref="RV18" pin="1"/>
      <node ref="R19" pin="1"/>
      <node ref="RV18" pin="2"/>
      <node ref="U2" pin="3"/>
    </net>
    <net code="47" name="Net-(R46-Pad2)">
      <node ref="R46" pin="2"/>
      <node ref="RV45" pin="2"/>
    </net>
    <net code="48" name="Net-(R5-Pad1)">
      <node ref="R6" pin="2"/>
      <node ref="R5" pin="1"/>
      <node ref="U1" pin="12"/>
    </net>
    <net code="49" name="Net-(U2-Pad2)">
      <node ref="U2" pin="2"/>
    </net>
    <net code="50" name="Net-(SW1-Pad2)">
      <node ref="U2" pin="1"/>
      <node ref="SW1" pin="2"/>
    </net>
    <net code="51" name="Net-(U2-Pad15)">
      <node ref="U2" pin="15"/>
    </net>
    <net code="52" name="Net-(R21-Pad1)">
      <node ref="R22" pin="2"/>
      <node ref="U2" pin="5"/>
      <node ref="U2" pin="7"/>
      <node ref="R46" pin="1"/>
      <node ref="R21" pin="1"/>
    </net>
    <net code="53" name="Net-(J3-PadT)">
      <node ref="R17" pin="1"/>
      <node ref="J3" pin="T"/>
    </net>
    <net code="54" name="Net-(J3-PadTN)">
      <node ref="J3" pin="TN"/>
    </net>
    <net code="55" name="Net-(R16-Pad1)">
      <node ref="R16" pin="1"/>
      <node ref="R17" pin="2"/>
      <node ref="U2" pin="8"/>
    </net>
  </nets>
</export>
